frame,abstime,reltime,Tow 1 [C],Tow 2 [C],Tow 3 [C],Tow 4 [C],Tow 5 [C],Tow 6 [C],Tow 7 [C],Tow 8 [C]
0,2019-06-27 15:12:52.933000,0.000000,7.999660e+01,7.999660e+01,7.999660e+01,7.999660e+01,7.999660e+01,7.999660e+01,7.999660e+01,7.999660e+01
1,2019-06-27 15:12:52.966000,0.033000,7.999660e+01,7.999660e+01,7.999660e+01,7.999660e+01,7.999660e+01,7.999660e+01,7.999660e+01,7.999660e+01
2,2019-06-27 15:12:53.000000,0.067000,7.999660e+01,7.999660e+01,7.999660e+01,7.999660e+01,7.999660e+01,7.999660e+01,7.999660e+01,7.999660e+01
3,2019-06-27 15:12:53.033000,0.100000,7.999660e+01,7.999660e+01,7.999660e+01,7.999660e+01,7.999660e+01,7.999660e+01,7.999660e+01,7.999660e+01
4,2019-06-27 15:12:53.066000,0.133000,7.999660e+01,7.999660e+01,7.999660e+01,7.999660e+01,7.999660e+01,7.999660e+01,7.999660e+01,7.999660e+01
5,2019-06-27 15:12:53.100000,0.167000,7.999660e+01,7.999660e+01,7.999660e+01,7.999660e+01,7.999660e+01,7.999660e+01,7.999660e+01,7.999660e+01
6,2019-06-27 15:12:53.133000,0.200000,7.999660e+01,7.999660e+01,7.999660e+01,7.999660e+01,7.999660e+01,7.999660e+01,7.999660e+01,7.999660e+01
7,2019-06-27 15:12:53.166000,0.233000,7.999660e+01,7.999660e+01,7.999660e+01,7.999660e+01,7.999660e+01,7.999660e+01,7.999660e+01,7.999660e+01
8,2019-06-27 15:12:53.200000,0.267000,7.999660e+01,7.999660e+01,7.999660e+01,7.999660e+01,7.999660e+01,7.999660e+01,7.999660e+01,7.999660e+01
9,2019-06-27 15:12:53.233000,0.300000,7.999660e+01,7.999660e+01,7.999660e+01,7.999660e+01,7.999660e+01,7.999660e+01,7.999660e+01,7.999660e+01
10,2019-06-27 15:12:53.266000,0.333000,7.999660e+01,7.999660e+01,7.999660e+01,7.999660e+01,7.999660e+01,7.999660e+01,7.999660e+01,7.999660e+01
11,2019-06-27 15:12:53.300000,0.367000,7.999660e+01,7.999660e+01,7.999660e+01,7.999660e+01,7.999660e+01,7.999660e+01,7.999660e+01,7.999660e+01
12,2019-06-27 15:12:53.333000,0.400000,7.999660e+01,7.999660e+01,7.999660e+01,7.999660e+01,7.999660e+01,7.999660e+01,7.999660e+01,7.999660e+01
13,2019-06-27 15:12:53.366000,0.433000,7.999660e+01,7.999660e+01,7.999660e+01,7.999660e+01,7.999660e+01,7.999660e+01,7.999660e+01,7.999660e+01
14,2019-06-27 15:12:53.399000,0.466000,7.999660e+01,7.999660e+01,7.999660e+01,7.999660e+01,7.999660e+01,7.999660e+01,7.999660e+01,7.999660e+01
15,2019-06-27 15:12:53.433000,0.500000,7.999660e+01,7.999660e+01,7.999660e+01,7.999660e+01,7.999660e+01,7.999660e+01,7.999660e+01,7.999660e+01
16,2019-06-27 15:12:53.466000,0.533000,7.999660e+01,7.999660e+01,7.999660e+01,7.999660e+01,7.999660e+01,7.999660e+01,7.999660e+01,7.999660e+01
17,2019-06-27 15:12:53.500000,0.567000,7.999660e+01,7.999660e+01,7.999660e+01,7.999660e+01,7.999660e+01,7.999660e+01,7.999660e+01,7.999660e+01
18,2019-06-27 15:12:53.533000,0.600000,7.999660e+01,7.999660e+01,7.999660e+01,7.999660e+01,7.999660e+01,7.999660e+01,7.999660e+01,7.999660e+01
19,2019-06-27 15:12:53.566000,0.633000,7.999660e+01,7.999660e+01,7.999660e+01,7.999660e+01,7.999660e+01,7.999660e+01,7.999660e+01,7.999660e+01
20,2019-06-27 15:12:53.600000,0.667000,7.999660e+01,7.999660e+01,7.999660e+01,7.999660e+01,7.999660e+01,7.999660e+01,7.999660e+01,7.999660e+01
21,2019-06-27 15:12:53.633000,0.700000,7.999660e+01,7.999660e+01,7.999660e+01,7.999660e+01,7.999660e+01,7.999660e+01,7.999660e+01,7.999660e+01
22,2019-06-27 15:12:53.666000,0.733000,7.999660e+01,7.999660e+01,7.999660e+01,7.999660e+01,7.999660e+01,7.999660e+01,7.999660e+01,7.999660e+01
23,2019-06-27 15:12:53.699000,0.766000,7.999660e+01,7.999660e+01,7.999660e+01,7.999660e+01,7.999660e+01,7.999660e+01,7.999660e+01,7.999660e+01
24,2019-06-27 15:12:53.733000,0.800000,7.999660e+01,7.999660e+01,7.999660e+01,7.999660e+01,7.999660e+01,7.999660e+01,7.999660e+01,7.999660e+01
25,2019-06-27 15:12:53.766000,0.833000,7.999660e+01,7.999660e+01,7.999660e+01,7.999660e+01,7.999660e+01,7.999660e+01,7.999660e+01,7.999660e+01
26,2019-06-27 15:12:53.800000,0.867000,7.999660e+01,7.999660e+01,7.999660e+01,7.999660e+01,7.999660e+01,7.999660e+01,7.999660e+01,7.999660e+01
27,2019-06-27 15:12:53.833000,0.900000,7.999660e+01,7.999660e+01,7.999660e+01,7.999660e+01,7.999660e+01,7.999660e+01,7.999660e+01,7.999660e+01
28,2019-06-27 15:12:53.866000,0.933000,7.999660e+01,7.999660e+01,7.999660e+01,7.999660e+01,7.999660e+01,7.999660e+01,7.999660e+01,7.999660e+01
29,2019-06-27 15:12:53.899000,0.966000,7.999660e+01,7.999660e+01,7.999660e+01,7.999660e+01,7.999660e+01,7.999660e+01,7.999660e+01,7.999660e+01
30,2019-06-27 15:12:53.933000,1.000000,7.999660e+01,7.999660e+01,7.999660e+01,7.999660e+01,7.999660e+01,7.999660e+01,7.999660e+01,7.999660e+01
31,2019-06-27 15:12:53.966000,1.033000,7.999660e+01,7.999660e+01,7.999660e+01,7.999660e+01,7.999660e+01,7.999660e+01,7.999660e+01,7.999660e+01
32,2019-06-27 15:12:54.000000,1.067000,7.999660e+01,7.999660e+01,7.999660e+01,7.999660e+01,7.999660e+01,7.999660e+01,7.999660e+01,7.999660e+01
33,2019-06-27 15:12:54.033000,1.100000,7.999660e+01,7.999660e+01,7.999660e+01,7.999660e+01,7.999660e+01,7.999660e+01,7.999660e+01,7.999660e+01
34,2019-06-27 15:12:54.066000,1.133000,7.999660e+01,7.999660e+01,7.999660e+01,7.999660e+01,7.999660e+01,7.999660e+01,7.999660e+01,7.999660e+01
35,2019-06-27 15:12:54.100000,1.167000,7.999660e+01,7.999660e+01,7.999660e+01,7.999660e+01,7.999660e+01,7.999660e+01,7.999660e+01,7.999660e+01
36,2019-06-27 15:12:54.133000,1.200000,7.999660e+01,7.999660e+01,7.999660e+01,7.999660e+01,7.999660e+01,7.999660e+01,7.999660e+01,7.999660e+01
37,2019-06-27 15:12:54.166000,1.233000,7.999660e+01,7.999660e+01,7.999660e+01,7.999660e+01,7.999660e+01,7.999660e+01,7.999660e+01,7.999660e+01
38,2019-06-27 15:12:54.200000,1.267000,7.999660e+01,7.999660e+01,7.999660e+01,7.999660e+01,7.999660e+01,7.999660e+01,7.999660e+01,7.999660e+01
39,2019-06-27 15:12:54.233000,1.300000,7.999660e+01,7.999660e+01,7.999660e+01,7.999660e+01,7.999660e+01,7.999660e+01,7.999660e+01,7.999660e+01
40,2019-06-27 15:12:54.266000,1.333000,7.999660e+01,7.999660e+01,7.999660e+01,7.999660e+01,7.999660e+01,7.999660e+01,7.999660e+01,7.999660e+01
41,2019-06-27 15:12:54.299000,1.366000,7.999660e+01,7.999660e+01,7.999660e+01,7.999660e+01,7.999660e+01,7.999660e+01,7.999660e+01,7.999660e+01
42,2019-06-27 15:12:54.333000,1.400000,7.999660e+01,7.999660e+01,7.999660e+01,7.999660e+01,7.999660e+01,7.999660e+01,7.999660e+01,7.999660e+01
43,2019-06-27 15:12:54.366000,1.433000,7.999660e+01,7.999660e+01,7.999660e+01,7.999660e+01,7.999660e+01,7.999660e+01,7.999660e+01,7.999660e+01
44,2019-06-27 15:12:54.399000,1.466000,7.999660e+01,7.999660e+01,7.999660e+01,7.999660e+01,7.999660e+01,7.999660e+01,7.999660e+01,7.999660e+01
45,2019-06-27 15:12:54.433000,1.500000,7.999660e+01,7.999660e+01,8.028176e+01,8.002764e+01,8.085725e+01,7.999660e+01,7.999660e+01,7.999660e+01
46,2019-06-27 15:12:54.466000,1.533000,7.999660e+01,7.999660e+01,8.161362e+01,8.593640e+01,8.950965e+01,8.436823e+01,7.999660e+01,7.999660e+01
47,2019-06-27 15:12:54.499000,1.566000,8.071098e+01,7.999660e+01,8.404413e+01,1.029480e+02,1.001112e+02,8.549056e+01,8.202483e+01,7.999660e+01
48,2019-06-27 15:12:54.533000,1.600000,8.299741e+01,8.559636e+01,8.961063e+01,1.097670e+02,1.258878e+02,9.184500e+01,8.469643e+01,7.999660e+01
49,2019-06-27 15:12:54.566000,1.633000,8.387112e+01,8.991267e+01,1.089983e+02,1.150019e+02,1.410780e+02,1.100071e+02,7.999660e+01,7.999660e+01
50,2019-06-27 15:12:54.599000,1.666000,8.279464e+01,8.953329e+01,1.092859e+02,1.126242e+02,1.225559e+02,9.640990e+01,7.999660e+01,7.999660e+01
51,2019-06-27 15:12:54.633000,1.700000,8.270647e+01,8.876389e+01,1.417366e+02,1.139277e+02,1.088907e+02,9.860540e+01,7.999660e+01,7.999660e+01
52,2019-06-27 15:12:54.666000,1.733000,8.211752e+01,8.933537e+01,1.388996e+02,1.254623e+02,1.040715e+02,9.713444e+01,7.999660e+01,7.999660e+01
53,2019-06-27 15:12:54.699000,1.766000,8.143929e+01,1.331922e+02,1.155989e+02,1.408865e+02,1.016496e+02,9.774694e+01,7.999660e+01,7.999660e+01
54,2019-06-27 15:12:54.733000,1.800000,8.198009e+01,1.386850e+02,1.000311e+02,1.245470e+02,1.122322e+02,1.228172e+02,7.999660e+01,7.999660e+01
55,2019-06-27 15:12:54.766000,1.833000,8.200525e+01,1.185073e+02,9.586625e+01,1.220045e+02,1.125472e+02,1.232168e+02,8.154649e+01,7.999660e+01
56,2019-06-27 15:12:54.799000,1.866000,9.251820e+01,1.348333e+02,1.055505e+02,1.338087e+02,1.270936e+02,1.185370e+02,9.214500e+01,7.999660e+01
57,2019-06-27 15:12:54.833000,1.900000,1.018959e+02,1.600094e+02,1.170377e+02,1.531874e+02,1.359595e+02,1.322478e+02,1.072597e+02,9.112335e+01
58,2019-06-27 15:12:54.866000,1.933000,1.140587e+02,1.598092e+02,1.280470e+02,1.657713e+02,1.442359e+02,1.566782e+02,1.244987e+02,1.061872e+02
59,2019-06-27 15:12:54.899000,1.966000,1.204134e+02,1.560990e+02,1.401028e+02,1.770405e+02,1.513373e+02,1.646758e+02,1.389495e+02,1.174050e+02
60,2019-06-27 15:12:54.933000,2.000000,1.391174e+02,3.176427e+02,1.607582e+02,2.232916e+02,1.637115e+02,1.855632e+02,1.580544e+02,1.372883e+02
61,2019-06-27 15:12:54.966000,2.033000,1.511009e+02,4.520503e+02,3.549859e+02,3.602432e+02,2.066847e+02,1.934367e+02,1.717026e+02,1.408042e+02
62,2019-06-27 15:12:54.999000,2.066000,1.550376e+02,4.437207e+02,3.852937e+02,3.811891e+02,4.053268e+02,2.154915e+02,3.355403e+02,1.410219e+02
63,2019-06-27 15:12:55.033000,2.100000,3.351441e+02,3.895401e+02,4.147655e+02,2.662147e+02,4.478655e+02,2.188023e+02,4.134295e+02,1.405199e+02
64,2019-06-27 15:12:55.066000,2.133000,4.604124e+02,4.123167e+02,4.064506e+02,2.594808e+02,4.342825e+02,2.417788e+02,4.116541e+02,1.613528e+02
65,2019-06-27 15:12:55.099000,2.166000,4.465590e+02,4.272080e+02,4.054640e+02,2.962556e+02,4.314896e+02,2.732131e+02,4.089676e+02,1.848695e+02
66,2019-06-27 15:12:55.133000,2.200000,4.234535e+02,4.457757e+02,3.910195e+02,3.401223e+02,4.124563e+02,2.823864e+02,4.193245e+02,1.882348e+02
67,2019-06-27 15:12:55.166000,2.233000,4.442146e+02,4.397101e+02,3.896208e+02,3.546311e+02,4.028116e+02,2.837985e+02,4.346586e+02,1.902289e+02
68,2019-06-27 15:12:55.199000,2.266000,4.264378e+02,3.180067e+02,4.564049e+02,3.162709e+02,4.182663e+02,2.472446e+02,4.187542e+02,1.897781e+02
69,2019-06-27 15:12:55.233000,2.300000,4.043690e+02,2.223132e+02,4.680728e+02,2.510041e+02,4.024812e+02,2.179473e+02,3.935574e+02,1.833222e+02
70,2019-06-27 15:12:55.266000,2.333000,3.893746e+02,2.169145e+02,4.523217e+02,2.470644e+02,3.926691e+02,2.133503e+02,3.844457e+02,1.701572e+02
71,2019-06-27 15:12:55.299000,2.366000,3.813702e+02,2.147258e+02,4.401441e+02,2.437737e+02,3.849946e+02,2.138228e+02,3.767575e+02,1.620270e+02
72,2019-06-27 15:12:55.333000,2.400000,3.732129e+02,2.133758e+02,4.324365e+02,2.276158e+02,3.816321e+02,2.121313e+02,3.679804e+02,1.566542e+02
73,2019-06-27 15:12:55.366000,2.433000,3.649916e+02,2.124028e+02,4.272727e+02,2.273298e+02,3.788077e+02,2.133004e+02,3.665852e+02,1.544756e+02
74,2019-06-27 15:12:55.399000,2.466000,3.620337e+02,2.182731e+02,4.255413e+02,2.284011e+02,3.765478e+02,2.083639e+02,3.651538e+02,1.537394e+02
75,2019-06-27 15:12:55.433000,2.500000,3.625213e+02,2.203152e+02,4.248369e+02,2.277955e+02,3.755175e+02,2.055949e+02,3.613501e+02,1.532901e+02
76,2019-06-27 15:12:55.466000,2.533000,3.622748e+02,2.219494e+02,4.224306e+02,2.278517e+02,3.742657e+02,2.022095e+02,3.646227e+02,1.504690e+02
77,2019-06-27 15:12:55.499000,2.566000,3.630113e+02,2.361380e+02,4.197693e+02,2.297690e+02,3.737592e+02,1.942460e+02,3.740892e+02,1.472694e+02
78,2019-06-27 15:12:55.533000,2.600000,3.622075e+02,2.367844e+02,4.174724e+02,2.300983e+02,3.727580e+02,1.913234e+02,3.789899e+02,1.468253e+02
79,2019-06-27 15:12:55.566000,2.633000,3.631572e+02,2.436266e+02,4.115356e+02,2.291742e+02,3.722292e+02,1.866773e+02,3.798916e+02,1.480338e+02
80,2019-06-27 15:12:55.599000,2.666000,3.703863e+02,2.440887e+02,4.089235e+02,2.278804e+02,3.680216e+02,1.840580e+02,3.772805e+02,1.495794e+02
81,2019-06-27 15:12:55.633000,2.700000,3.656312e+02,2.530384e+02,4.059779e+02,2.287513e+02,3.679794e+02,1.851089e+02,3.720982e+02,1.530399e+02
82,2019-06-27 15:12:55.666000,2.733000,3.640832e+02,2.489074e+02,4.079871e+02,2.207200e+02,3.697166e+02,1.810656e+02,3.683740e+02,1.515209e+02
83,2019-06-27 15:12:55.699000,2.766000,3.618283e+02,2.495514e+02,4.155217e+02,2.117223e+02,3.724367e+02,1.652521e+02,3.701592e+02,1.343573e+02
84,2019-06-27 15:12:55.733000,2.800000,3.495207e+02,2.457052e+02,4.076829e+02,2.162830e+02,3.719657e+02,1.609090e+02,3.704840e+02,1.267802e+02
85,2019-06-27 15:12:55.766000,2.833000,3.470300e+02,2.319182e+02,4.092390e+02,2.092319e+02,3.687212e+02,1.590765e+02,3.768727e+02,1.208031e+02
86,2019-06-27 15:12:55.799000,2.866000,3.525037e+02,2.502437e+02,4.152720e+02,1.958777e+02,3.752934e+02,1.565787e+02,3.818340e+02,1.119289e+02
87,2019-06-27 15:12:55.833000,2.900000,3.547496e+02,2.522798e+02,4.186500e+02,2.006901e+02,3.673495e+02,1.545562e+02,3.833567e+02,1.130789e+02
88,2019-06-27 15:12:55.866000,2.933000,3.539897e+02,2.553592e+02,4.235392e+02,2.052683e+02,3.651414e+02,1.575076e+02,3.812823e+02,1.136630e+02
89,2019-06-27 15:12:55.899000,2.966000,3.508934e+02,2.576226e+02,4.264265e+02,2.120882e+02,3.648382e+02,1.628080e+02,3.735101e+02,1.144694e+02
90,2019-06-27 15:12:55.933000,3.000000,3.495574e+02,2.643765e+02,4.267165e+02,2.271718e+02,3.679654e+02,1.771777e+02,3.789160e+02,1.202612e+02
91,2019-06-27 15:12:55.966000,3.033000,3.567682e+02,2.651695e+02,4.279789e+02,2.323343e+02,3.729122e+02,1.791848e+02,3.845609e+02,1.200672e+02
92,2019-06-27 15:12:55.999000,3.066000,3.600210e+02,2.632008e+02,4.324331e+02,2.303766e+02,3.862672e+02,1.760469e+02,4.006797e+02,1.171732e+02
93,2019-06-27 15:12:56.033000,3.100000,3.628220e+02,2.420249e+02,4.275839e+02,2.258402e+02,3.875933e+02,1.751655e+02,4.005653e+02,1.162510e+02
94,2019-06-27 15:12:56.066000,3.133000,3.632594e+02,2.613618e+02,4.228735e+02,2.240651e+02,3.856032e+02,1.750445e+02,3.978682e+02,1.158233e+02
95,2019-06-27 15:12:56.099000,3.166000,3.621818e+02,2.485533e+02,4.205604e+02,2.236631e+02,3.860058e+02,1.889046e+02,3.903601e+02,1.166819e+02
96,2019-06-27 15:12:56.133000,3.200000,3.650716e+02,2.336232e+02,4.172788e+02,2.228684e+02,3.863358e+02,1.911218e+02,3.903048e+02,1.173063e+02
97,2019-06-27 15:12:56.166000,3.233000,3.612706e+02,2.373382e+02,4.169344e+02,2.198213e+02,3.892735e+02,1.975102e+02,3.949736e+02,1.195848e+02
98,2019-06-27 15:12:56.199000,3.266000,3.636003e+02,2.339533e+02,4.155919e+02,2.188938e+02,3.895051e+02,2.045754e+02,3.973286e+02,1.217344e+02
99,2019-06-27 15:12:56.233000,3.300000,3.669146e+02,2.641905e+02,4.117569e+02,2.199586e+02,3.880012e+02,2.087269e+02,3.974660e+02,1.245269e+02
100,2019-06-27 15:12:56.266000,3.333000,3.666711e+02,2.825561e+02,4.126978e+02,2.201840e+02,3.853339e+02,2.026033e+02,4.014375e+02,1.258143e+02
101,2019-06-27 15:12:56.299000,3.366000,3.599473e+02,2.826582e+02,4.150999e+02,2.196429e+02,3.878791e+02,1.947448e+02,4.009508e+02,1.268025e+02
102,2019-06-27 15:12:56.333000,3.400000,3.578185e+02,2.783450e+02,4.146447e+02,2.235453e+02,3.874697e+02,1.932665e+02,4.020110e+02,1.273546e+02
103,2019-06-27 15:12:56.366000,3.433000,3.586007e+02,2.832406e+02,4.146892e+02,2.296957e+02,3.932798e+02,1.936879e+02,4.023349e+02,1.367263e+02
104,2019-06-27 15:12:56.399000,3.466000,3.695464e+02,2.835382e+02,4.219884e+02,2.301317e+02,3.935764e+02,1.936344e+02,4.032411e+02,1.284145e+02
105,2019-06-27 15:12:56.433000,3.500000,3.709218e+02,2.799135e+02,4.233564e+02,2.372696e+02,3.920745e+02,1.916218e+02,4.034361e+02,1.269074e+02
106,2019-06-27 15:12:56.466000,3.533000,3.648349e+02,2.701489e+02,4.233135e+02,2.326134e+02,3.934221e+02,1.962624e+02,4.018303e+02,1.268677e+02
107,2019-06-27 15:12:56.500000,3.567000,3.622596e+02,2.824762e+02,4.212953e+02,2.284788e+02,3.944914e+02,1.981844e+02,4.019824e+02,1.263073e+02
108,2019-06-27 15:12:56.533000,3.600000,3.608279e+02,2.792989e+02,4.202685e+02,2.368733e+02,3.949409e+02,2.029733e+02,4.018738e+02,1.253177e+02
109,2019-06-27 15:12:56.566000,3.633000,3.620961e+02,2.638238e+02,4.234648e+02,2.335347e+02,3.928248e+02,2.020357e+02,4.002521e+02,1.252095e+02
110,2019-06-27 15:12:56.600000,3.667000,3.674005e+02,2.606553e+02,4.221882e+02,2.414776e+02,3.922519e+02,2.042548e+02,3.992312e+02,1.254458e+02
111,2019-06-27 15:12:56.633000,3.700000,3.702229e+02,2.771764e+02,4.212932e+02,2.418692e+02,3.883990e+02,2.106054e+02,4.003869e+02,1.238661e+02
112,2019-06-27 15:12:56.666000,3.733000,3.702797e+02,2.775637e+02,4.227309e+02,2.414263e+02,3.886046e+02,2.087217e+02,3.953824e+02,1.265300e+02
113,2019-06-27 15:12:56.699000,3.766000,3.718391e+02,2.762884e+02,4.218329e+02,2.407840e+02,3.933857e+02,2.026147e+02,3.940846e+02,1.242244e+02
114,2019-06-27 15:12:56.733000,3.800000,3.717776e+02,2.800253e+02,4.224125e+02,2.314369e+02,3.953485e+02,1.993031e+02,3.929692e+02,1.216545e+02
115,2019-06-27 15:12:56.766000,3.833000,3.727607e+02,2.631067e+02,4.252462e+02,2.307720e+02,3.939281e+02,2.086425e+02,3.927766e+02,1.236853e+02
116,2019-06-27 15:12:56.799000,3.866000,3.765544e+02,2.578323e+02,4.250319e+02,2.344642e+02,3.925120e+02,2.108230e+02,3.963474e+02,1.297839e+02
117,2019-06-27 15:12:56.833000,3.900000,3.772437e+02,2.524954e+02,4.357906e+02,2.305217e+02,3.932591e+02,2.037102e+02,3.976627e+02,1.319070e+02
118,2019-06-27 15:12:56.866000,3.933000,3.751142e+02,2.635638e+02,4.257015e+02,2.625652e+02,3.916196e+02,1.992771e+02,3.928968e+02,1.300134e+02
119,2019-06-27 15:12:56.899000,3.966000,3.740103e+02,2.918981e+02,4.290403e+02,2.608495e+02,3.913820e+02,2.036393e+02,3.879305e+02,1.255530e+02
120,2019-06-27 15:12:56.933000,4.000000,3.766207e+02,2.666646e+02,4.289485e+02,2.573160e+02,3.944589e+02,2.223684e+02,3.855406e+02,1.217315e+02
121,2019-06-27 15:12:56.966000,4.033000,3.758145e+02,2.496624e+02,4.302513e+02,2.580627e+02,3.885417e+02,2.164557e+02,3.853336e+02,1.217569e+02
122,2019-06-27 15:12:56.999000,4.066000,3.755103e+02,2.689164e+02,4.315255e+02,2.582809e+02,3.844800e+02,2.097971e+02,3.887770e+02,1.227804e+02
123,2019-06-27 15:12:57.033000,4.100000,3.678727e+02,2.792148e+02,4.305349e+02,2.583994e+02,3.828391e+02,2.179264e+02,3.877241e+02,1.233368e+02
124,2019-06-27 15:12:57.066000,4.133000,3.710341e+02,2.562293e+02,4.344189e+02,2.588929e+02,3.841448e+02,2.236448e+02,3.852881e+02,1.231701e+02
125,2019-06-27 15:12:57.099000,4.166000,3.765446e+02,2.514074e+02,4.379626e+02,2.818813e+02,3.852882e+02,2.181536e+02,3.871025e+02,1.229077e+02
126,2019-06-27 15:12:57.133000,4.200000,3.696439e+02,2.441201e+02,4.355111e+02,2.947497e+02,3.894246e+02,2.381355e+02,3.893275e+02,1.238997e+02
127,2019-06-27 15:12:57.166000,4.233000,3.637565e+02,2.436342e+02,4.337174e+02,2.794095e+02,3.938458e+02,2.275117e+02,3.936876e+02,1.245001e+02
128,2019-06-27 15:12:57.199000,4.266000,3.704029e+02,2.414195e+02,4.285480e+02,2.720482e+02,3.960989e+02,2.258760e+02,3.974006e+02,1.250810e+02
129,2019-06-27 15:12:57.233000,4.300000,3.715671e+02,2.379703e+02,4.299999e+02,2.703527e+02,3.957612e+02,2.326503e+02,4.011536e+02,1.276275e+02
130,2019-06-27 15:12:57.266000,4.333000,3.744519e+02,2.409029e+02,4.283550e+02,2.684379e+02,3.947013e+02,2.404619e+02,3.918270e+02,1.317120e+02
131,2019-06-27 15:12:57.299000,4.366000,3.763511e+02,2.384539e+02,4.254181e+02,2.766599e+02,3.901912e+02,2.418833e+02,3.924109e+02,1.326229e+02
132,2019-06-27 15:12:57.333000,4.400000,3.674614e+02,2.444715e+02,4.252321e+02,2.722342e+02,3.887623e+02,2.255732e+02,3.925000e+02,1.325617e+02
133,2019-06-27 15:12:57.366000,4.433000,3.749852e+02,2.429060e+02,4.261664e+02,2.803066e+02,3.904292e+02,2.215723e+02,3.924841e+02,1.363086e+02
134,2019-06-27 15:12:57.399000,4.466000,3.772446e+02,2.386513e+02,4.237186e+02,2.834870e+02,3.908468e+02,2.284709e+02,3.883150e+02,1.370079e+02
135,2019-06-27 15:12:57.433000,4.500000,3.707905e+02,2.385313e+02,4.243333e+02,2.832359e+02,3.901184e+02,2.307952e+02,3.865768e+02,1.366734e+02
136,2019-06-27 15:12:57.466000,4.533000,3.724852e+02,2.445171e+02,4.251107e+02,2.820207e+02,3.896298e+02,2.409629e+02,3.853756e+02,1.423184e+02
137,2019-06-27 15:12:57.499000,4.566000,3.699661e+02,2.511476e+02,4.299201e+02,2.796914e+02,3.887866e+02,2.430652e+02,3.814390e+02,1.432111e+02
138,2019-06-27 15:12:57.533000,4.600000,3.671202e+02,2.502780e+02,4.241173e+02,2.781888e+02,3.872100e+02,2.504716e+02,3.795350e+02,1.412796e+02
139,2019-06-27 15:12:57.566000,4.633000,3.751160e+02,2.399691e+02,4.239292e+02,2.819934e+02,3.859547e+02,2.359255e+02,3.837368e+02,1.387954e+02
140,2019-06-27 15:12:57.599000,4.666000,3.760301e+02,2.382082e+02,4.251056e+02,2.771730e+02,3.886291e+02,2.291833e+02,3.864856e+02,1.351132e+02
141,2019-06-27 15:12:57.633000,4.700000,3.753507e+02,2.348629e+02,4.267656e+02,2.722015e+02,3.883607e+02,2.240914e+02,3.870919e+02,1.325264e+02
142,2019-06-27 15:12:57.666000,4.733000,3.763755e+02,2.460888e+02,4.237633e+02,2.717079e+02,3.877151e+02,2.219883e+02,3.858839e+02,1.307368e+02
143,2019-06-27 15:12:57.699000,4.766000,3.740902e+02,2.532330e+02,4.251773e+02,2.701511e+02,3.884056e+02,2.142055e+02,3.864966e+02,1.293243e+02
144,2019-06-27 15:12:57.733000,4.800000,3.796667e+02,2.499373e+02,4.289796e+02,2.710842e+02,3.892201e+02,2.084289e+02,3.865267e+02,1.289621e+02
145,2019-06-27 15:12:57.766000,4.833000,3.733131e+02,2.475755e+02,4.288557e+02,2.674741e+02,3.886113e+02,1.990837e+02,3.856757e+02,1.288773e+02
146,2019-06-27 15:12:57.799000,4.866000,3.828956e+02,2.490345e+02,4.295818e+02,2.648611e+02,3.884146e+02,1.979398e+02,3.847302e+02,1.302718e+02
147,2019-06-27 15:12:57.833000,4.900000,3.823265e+02,2.434535e+02,4.295470e+02,2.651967e+02,3.889154e+02,2.126109e+02,3.838320e+02,1.320519e+02
148,2019-06-27 15:12:57.866000,4.933000,3.776627e+02,2.398932e+02,4.281744e+02,2.608753e+02,3.887649e+02,2.084438e+02,3.848160e+02,1.333772e+02
149,2019-06-27 15:12:57.899000,4.966000,3.759601e+02,2.452249e+02,4.285194e+02,2.595577e+02,3.877247e+02,2.044219e+02,3.872530e+02,1.336656e+02
150,2019-06-27 15:12:57.933000,5.000000,3.744128e+02,2.382646e+02,4.284550e+02,2.585933e+02,3.877162e+02,1.972107e+02,3.869724e+02,1.332866e+02
151,2019-06-27 15:12:57.966000,5.033000,3.713581e+02,2.366811e+02,4.248907e+02,2.465197e+02,3.889573e+02,1.995834e+02,3.844667e+02,1.331925e+02
152,2019-06-27 15:12:57.999000,5.066000,3.730538e+02,2.457124e+02,4.249966e+02,2.434946e+02,3.903510e+02,1.993635e+02,3.881314e+02,1.321123e+02
153,2019-06-27 15:12:58.033000,5.100000,3.710623e+02,2.414237e+02,4.250526e+02,2.419015e+02,3.896322e+02,1.985770e+02,3.916728e+02,1.317392e+02
154,2019-06-27 15:12:58.066000,5.133000,3.690721e+02,2.471225e+02,4.178769e+02,2.437295e+02,3.879386e+02,2.086299e+02,3.962324e+02,1.342797e+02
155,2019-06-27 15:12:58.099000,5.166000,3.702830e+02,2.534839e+02,4.164946e+02,2.468047e+02,3.777092e+02,2.492407e+02,4.007005e+02,1.445804e+02
156,2019-06-27 15:12:58.133000,5.200000,3.710720e+02,2.430921e+02,4.197158e+02,2.502072e+02,3.818534e+02,2.237006e+02,3.938589e+02,1.503236e+02
157,2019-06-27 15:12:58.166000,5.233000,3.685331e+02,2.356172e+02,4.209023e+02,2.562154e+02,3.846495e+02,2.007110e+02,3.926033e+02,1.446996e+02
158,2019-06-27 15:12:58.199000,5.266000,3.642109e+02,2.367571e+02,4.221302e+02,2.584303e+02,3.852817e+02,2.053368e+02,3.882744e+02,1.438136e+02
159,2019-06-27 15:12:58.233000,5.300000,3.614061e+02,2.386371e+02,4.188260e+02,2.552739e+02,3.912102e+02,2.066528e+02,3.868575e+02,1.432806e+02
160,2019-06-27 15:12:58.266000,5.333000,3.636051e+02,2.479872e+02,4.179313e+02,2.520197e+02,3.964919e+02,2.043110e+02,3.874353e+02,1.380984e+02
161,2019-06-27 15:12:58.299000,5.366000,3.639871e+02,2.347666e+02,4.184491e+02,2.523458e+02,3.977744e+02,2.268712e+02,3.872650e+02,1.329838e+02
162,2019-06-27 15:12:58.333000,5.400000,3.683984e+02,2.610364e+02,4.157969e+02,2.516378e+02,3.954033e+02,2.223755e+02,3.893076e+02,1.311658e+02
163,2019-06-27 15:12:58.366000,5.433000,3.667372e+02,2.679407e+02,4.153488e+02,2.503733e+02,3.938780e+02,2.272335e+02,3.899660e+02,1.296477e+02
164,2019-06-27 15:12:58.399000,5.466000,3.675233e+02,2.767487e+02,4.132054e+02,2.499688e+02,3.946666e+02,2.268149e+02,3.892175e+02,1.291563e+02
165,2019-06-27 15:12:58.433000,5.500000,3.710064e+02,2.745585e+02,4.125181e+02,2.490362e+02,3.936601e+02,2.358653e+02,3.888208e+02,1.306873e+02
166,2019-06-27 15:12:58.466000,5.533000,3.710902e+02,2.823410e+02,4.167962e+02,2.451044e+02,3.936977e+02,2.236073e+02,3.915492e+02,1.310982e+02
167,2019-06-27 15:12:58.499000,5.566000,3.718123e+02,2.882463e+02,4.212476e+02,2.436468e+02,3.933496e+02,2.127223e+02,3.982235e+02,1.317232e+02
168,2019-06-27 15:12:58.533000,5.600000,3.696503e+02,2.856689e+02,4.224538e+02,2.459160e+02,3.936479e+02,2.146579e+02,3.975839e+02,1.327126e+02
169,2019-06-27 15:12:58.566000,5.633000,3.719388e+02,2.824953e+02,4.220275e+02,2.499272e+02,3.936805e+02,2.091119e+02,3.987446e+02,1.363853e+02
170,2019-06-27 15:12:58.599000,5.666000,3.730530e+02,2.908436e+02,4.212193e+02,2.520133e+02,3.940950e+02,2.051284e+02,3.978212e+02,1.362047e+02
171,2019-06-27 15:12:58.633000,5.700000,3.690800e+02,2.972025e+02,4.194099e+02,2.583685e+02,3.953240e+02,2.070952e+02,3.972517e+02,1.359902e+02
172,2019-06-27 15:12:58.666000,5.733000,3.636151e+02,2.965095e+02,4.200616e+02,2.514679e+02,3.996138e+02,2.159938e+02,3.957846e+02,1.357908e+02
173,2019-06-27 15:12:58.699000,5.766000,3.652827e+02,2.922045e+02,4.190092e+02,2.575444e+02,4.007125e+02,2.187964e+02,3.938172e+02,1.344512e+02
174,2019-06-27 15:12:58.733000,5.800000,3.659748e+02,2.705619e+02,4.197054e+02,2.556006e+02,3.992297e+02,2.228630e+02,3.933484e+02,1.349052e+02
175,2019-06-27 15:12:58.766000,5.833000,3.711616e+02,2.550565e+02,4.206651e+02,2.552919e+02,3.958284e+02,2.352532e+02,3.945405e+02,1.359211e+02
176,2019-06-27 15:12:58.799000,5.866000,3.677116e+02,2.524590e+02,4.217917e+02,2.604239e+02,3.896665e+02,2.333513e+02,3.964951e+02,1.332733e+02
177,2019-06-27 15:12:58.833000,5.900000,3.676935e+02,2.510413e+02,4.210027e+02,2.602524e+02,3.881642e+02,2.368044e+02,3.965703e+02,1.342126e+02
178,2019-06-27 15:12:58.866000,5.933000,3.671770e+02,2.606679e+02,4.205155e+02,2.598214e+02,3.924310e+02,2.382812e+02,3.965126e+02,1.363731e+02
179,2019-06-27 15:12:58.899000,5.966000,3.716338e+02,2.749539e+02,4.194388e+02,2.573591e+02,3.939584e+02,2.334438e+02,3.977885e+02,1.333493e+02
180,2019-06-27 15:12:58.933000,6.000000,3.767445e+02,2.765916e+02,4.269499e+02,2.508534e+02,3.947660e+02,2.395338e+02,3.976625e+02,1.331945e+02
181,2019-06-27 15:12:58.966000,6.033000,3.759108e+02,2.569218e+02,4.300522e+02,2.542365e+02,3.974284e+02,2.394831e+02,3.972713e+02,1.369575e+02
182,2019-06-27 15:12:58.999000,6.066000,3.742097e+02,2.537195e+02,4.293554e+02,2.552878e+02,3.985643e+02,2.388254e+02,3.994764e+02,1.401420e+02
183,2019-06-27 15:12:59.033000,6.100000,3.761586e+02,2.486706e+02,4.324787e+02,2.558533e+02,3.969721e+02,2.127705e+02,4.042122e+02,1.407224e+02
184,2019-06-27 15:12:59.066000,6.133000,3.799573e+02,2.640651e+02,4.284074e+02,2.940146e+02,3.966193e+02,2.166766e+02,4.020930e+02,1.414398e+02
185,2019-06-27 15:12:59.099000,6.166000,3.783557e+02,2.927184e+02,4.269106e+02,2.828561e+02,3.991201e+02,2.251621e+02,4.025327e+02,1.413361e+02
186,2019-06-27 15:12:59.133000,6.200000,3.753333e+02,2.699134e+02,4.256398e+02,2.755874e+02,4.012343e+02,2.494547e+02,4.018677e+02,1.398480e+02
187,2019-06-27 15:12:59.166000,6.233000,3.806974e+02,2.687238e+02,4.337275e+02,2.737444e+02,3.946061e+02,2.393983e+02,4.037243e+02,1.396290e+02
188,2019-06-27 15:12:59.199000,6.266000,3.770075e+02,2.756515e+02,4.326143e+02,2.750891e+02,3.944264e+02,2.206000e+02,4.032029e+02,1.418818e+02
189,2019-06-27 15:12:59.233000,6.300000,3.787354e+02,2.832124e+02,4.309544e+02,2.739831e+02,3.935003e+02,2.351810e+02,4.051404e+02,1.457190e+02
190,2019-06-27 15:12:59.266000,6.333000,3.759365e+02,2.650489e+02,4.374756e+02,2.758755e+02,3.915353e+02,2.362989e+02,4.021186e+02,1.513898e+02
191,2019-06-27 15:12:59.299000,6.366000,3.677447e+02,2.560380e+02,4.390977e+02,3.113172e+02,3.882681e+02,2.475123e+02,4.017396e+02,1.546396e+02
192,2019-06-27 15:12:59.333000,6.400000,3.737053e+02,2.531378e+02,4.353176e+02,3.168838e+02,3.898927e+02,2.490463e+02,4.019897e+02,1.555657e+02
193,2019-06-27 15:12:59.366000,6.433000,3.722760e+02,2.496220e+02,4.330381e+02,3.043851e+02,3.964901e+02,2.458007e+02,3.984190e+02,1.558118e+02
194,2019-06-27 15:12:59.399000,6.466000,3.724293e+02,2.486499e+02,4.302409e+02,3.018043e+02,3.984026e+02,2.539426e+02,3.978529e+02,1.548352e+02
195,2019-06-27 15:12:59.433000,6.500000,3.660128e+02,2.483559e+02,4.260325e+02,3.001266e+02,3.963674e+02,2.571107e+02,3.963727e+02,1.547958e+02
196,2019-06-27 15:12:59.466000,6.533000,3.689998e+02,2.513514e+02,4.243110e+02,2.996455e+02,3.958062e+02,2.639970e+02,3.919026e+02,1.563009e+02
197,2019-06-27 15:12:59.499000,6.566000,3.671553e+02,2.466772e+02,4.222828e+02,3.013076e+02,3.941807e+02,2.546833e+02,3.887686e+02,1.556871e+02
198,2019-06-27 15:12:59.533000,6.600000,3.632640e+02,2.538510e+02,4.239471e+02,2.896867e+02,3.940697e+02,2.460838e+02,3.902379e+02,1.537723e+02
199,2019-06-27 15:12:59.566000,6.633000,3.679562e+02,2.503180e+02,4.268991e+02,2.975831e+02,3.926985e+02,2.423282e+02,3.956903e+02,1.529286e+02
200,2019-06-27 15:12:59.599000,6.666000,3.681178e+02,2.505068e+02,4.244145e+02,3.009266e+02,3.900840e+02,2.513156e+02,3.944044e+02,1.519288e+02
201,2019-06-27 15:12:59.633000,6.700000,3.637001e+02,2.535813e+02,4.239756e+02,3.013484e+02,3.900415e+02,2.482345e+02,3.935300e+02,1.507982e+02
202,2019-06-27 15:12:59.666000,6.733000,3.608276e+02,2.551752e+02,4.264150e+02,2.987091e+02,3.951935e+02,2.667159e+02,3.901785e+02,1.496367e+02
203,2019-06-27 15:12:59.699000,6.766000,3.658867e+02,2.541551e+02,4.274454e+02,2.922155e+02,3.975393e+02,2.665925e+02,3.885127e+02,1.488902e+02
204,2019-06-27 15:12:59.733000,6.800000,3.620029e+02,2.491284e+02,4.268224e+02,2.924123e+02,3.966274e+02,2.665577e+02,3.936197e+02,1.483230e+02
205,2019-06-27 15:12:59.766000,6.833000,3.662657e+02,2.429962e+02,4.264144e+02,2.958672e+02,3.954824e+02,2.581890e+02,3.923951e+02,1.469783e+02
206,2019-06-27 15:12:59.799000,6.866000,3.644597e+02,2.399052e+02,4.248454e+02,2.890072e+02,3.976343e+02,2.479191e+02,3.945535e+02,1.455656e+02
207,2019-06-27 15:12:59.833000,6.900000,3.594753e+02,2.445723e+02,4.229897e+02,2.818359e+02,3.996018e+02,2.408284e+02,3.915593e+02,1.440682e+02
208,2019-06-27 15:12:59.866000,6.933000,3.633414e+02,2.473784e+02,4.226683e+02,2.815724e+02,4.006779e+02,2.447234e+02,3.915015e+02,1.433059e+02
209,2019-06-27 15:12:59.899000,6.966000,3.669896e+02,2.544219e+02,4.236070e+02,2.806270e+02,3.982286e+02,2.364785e+02,3.945362e+02,1.430523e+02
210,2019-06-27 15:12:59.933000,7.000000,3.679352e+02,2.594655e+02,4.271341e+02,2.828601e+02,3.969533e+02,2.217053e+02,3.941186e+02,1.438901e+02
211,2019-06-27 15:12:59.966000,7.033000,3.693020e+02,2.497179e+02,4.292838e+02,2.810962e+02,3.976875e+02,2.114523e+02,3.921478e+02,1.441360e+02
212,2019-06-27 15:12:59.999000,7.066000,3.645074e+02,2.516970e+02,4.289604e+02,2.833893e+02,3.967136e+02,2.128910e+02,3.940135e+02,1.452952e+02
213,2019-06-27 15:13:00.033000,7.100000,3.651848e+02,2.530017e+02,4.310735e+02,2.818534e+02,3.955390e+02,2.201888e+02,3.943437e+02,1.461074e+02
214,2019-06-27 15:13:00.066000,7.133000,3.670004e+02,2.481707e+02,4.247017e+02,2.726642e+02,3.935184e+02,2.022607e+02,3.936002e+02,1.469288e+02
215,2019-06-27 15:13:00.099000,7.166000,3.643198e+02,2.514491e+02,4.221414e+02,2.704704e+02,3.919706e+02,1.988799e+02,3.916118e+02,1.460238e+02
216,2019-06-27 15:13:00.133000,7.200000,3.624953e+02,2.479771e+02,4.226279e+02,2.658746e+02,3.892359e+02,2.021674e+02,3.903344e+02,1.447270e+02
217,2019-06-27 15:13:00.166000,7.233000,3.590639e+02,2.469437e+02,4.217376e+02,2.562608e+02,3.884160e+02,1.989819e+02,3.903699e+02,1.422318e+02
218,2019-06-27 15:13:00.199000,7.266000,3.579731e+02,2.434244e+02,4.199963e+02,2.538571e+02,3.854259e+02,2.083399e+02,3.864031e+02,1.397747e+02
219,2019-06-27 15:13:00.233000,7.300000,3.565825e+02,2.457369e+02,4.183768e+02,2.516026e+02,3.890977e+02,2.115935e+02,3.876373e+02,1.386193e+02
220,2019-06-27 15:13:00.266000,7.333000,3.500725e+02,2.475021e+02,4.242984e+02,2.542613e+02,3.883225e+02,2.048395e+02,3.898988e+02,1.400162e+02
221,2019-06-27 15:13:00.299000,7.366000,3.493605e+02,2.407657e+02,4.253990e+02,2.574717e+02,3.875469e+02,2.119432e+02,3.830873e+02,1.516797e+02
222,2019-06-27 15:13:00.333000,7.400000,3.704277e+02,2.417169e+02,4.222303e+02,2.585690e+02,3.864572e+02,2.163804e+02,3.818448e+02,1.515888e+02
223,2019-06-27 15:13:00.366000,7.433000,3.696462e+02,2.436385e+02,4.219365e+02,2.610081e+02,3.919146e+02,1.994984e+02,3.881017e+02,1.453269e+02
224,2019-06-27 15:13:00.399000,7.466000,3.553865e+02,2.487802e+02,4.214108e+02,2.560762e+02,4.006321e+02,2.023434e+02,3.875932e+02,1.438987e+02
225,2019-06-27 15:13:00.433000,7.500000,3.552419e+02,2.539689e+02,4.202074e+02,2.540620e+02,3.967951e+02,2.051451e+02,3.880244e+02,1.415525e+02
226,2019-06-27 15:13:00.466000,7.533000,3.628712e+02,2.497183e+02,4.192801e+02,2.533799e+02,3.942945e+02,2.033102e+02,3.883114e+02,1.396173e+02
227,2019-06-27 15:13:00.499000,7.566000,3.836198e+02,2.500105e+02,4.182064e+02,2.540696e+02,3.956932e+02,2.270990e+02,3.879138e+02,1.392333e+02
228,2019-06-27 15:13:00.533000,7.600000,3.740549e+02,2.502059e+02,4.147333e+02,2.517377e+02,3.969976e+02,2.282169e+02,3.877393e+02,1.396550e+02
229,2019-06-27 15:13:00.566000,7.633000,3.703653e+02,2.531228e+02,4.121972e+02,2.506918e+02,3.984756e+02,2.467083e+02,3.905677e+02,1.397289e+02
230,2019-06-27 15:13:00.599000,7.666000,3.655168e+02,2.579510e+02,4.161880e+02,2.508898e+02,3.981416e+02,2.419320e+02,3.949687e+02,1.406144e+02
231,2019-06-27 15:13:00.633000,7.700000,3.625664e+02,2.524516e+02,4.169790e+02,2.496794e+02,3.947725e+02,2.434803e+02,3.945795e+02,1.423001e+02
232,2019-06-27 15:13:00.666000,7.733000,3.610921e+02,2.608003e+02,4.151789e+02,2.479447e+02,3.965799e+02,2.188919e+02,3.962796e+02,1.422261e+02
233,2019-06-27 15:13:00.699000,7.766000,3.605799e+02,2.627002e+02,4.136697e+02,2.477077e+02,3.974689e+02,2.157788e+02,3.920766e+02,1.421040e+02
234,2019-06-27 15:13:00.733000,7.800000,3.634235e+02,2.601507e+02,4.141632e+02,2.482103e+02,3.978158e+02,2.071487e+02,3.902587e+02,1.437125e+02
235,2019-06-27 15:13:00.766000,7.833000,3.641673e+02,2.650672e+02,4.174085e+02,2.532154e+02,3.966236e+02,2.114928e+02,3.900591e+02,1.435582e+02
236,2019-06-27 15:13:00.799000,7.866000,3.618842e+02,2.598982e+02,4.210967e+02,2.624780e+02,3.987290e+02,2.125626e+02,3.916917e+02,1.442259e+02
237,2019-06-27 15:13:00.833000,7.900000,3.621824e+02,2.509360e+02,4.231450e+02,2.658302e+02,4.018190e+02,2.214706e+02,3.932604e+02,1.437677e+02
238,2019-06-27 15:13:00.866000,7.933000,3.622596e+02,2.451463e+02,4.250872e+02,2.591852e+02,4.031270e+02,2.300813e+02,3.954548e+02,1.436355e+02
239,2019-06-27 15:13:00.899000,7.966000,3.594893e+02,2.468410e+02,4.220187e+02,2.653986e+02,4.026357e+02,2.285556e+02,3.941612e+02,1.427934e+02
240,2019-06-27 15:13:00.933000,8.000000,3.613090e+02,2.516980e+02,4.221956e+02,2.621028e+02,4.013233e+02,2.311021e+02,3.923500e+02,1.433400e+02
241,2019-06-27 15:13:00.966000,8.033000,3.654210e+02,2.398971e+02,4.241371e+02,2.644220e+02,4.002660e+02,2.290962e+02,3.951386e+02,1.454700e+02
242,2019-06-27 15:13:00.999000,8.066000,3.595226e+02,2.396008e+02,4.223484e+02,2.664786e+02,3.987951e+02,2.248127e+02,3.958939e+02,1.428364e+02
243,2019-06-27 15:13:01.033000,8.100000,3.590571e+02,2.509334e+02,4.166638e+02,2.660670e+02,3.970124e+02,2.370182e+02,3.921853e+02,1.442555e+02
244,2019-06-27 15:13:01.066000,8.133000,3.603312e+02,2.577895e+02,4.150886e+02,2.655107e+02,3.970533e+02,2.284772e+02,3.963086e+02,1.460927e+02
245,2019-06-27 15:13:01.099000,8.166000,3.595428e+02,2.546061e+02,4.177110e+02,2.625770e+02,3.988717e+02,2.185003e+02,3.960329e+02,1.430514e+02
246,2019-06-27 15:13:01.133000,8.200000,3.590565e+02,2.587316e+02,4.252654e+02,2.573621e+02,4.019722e+02,2.332049e+02,3.930472e+02,1.439405e+02
247,2019-06-27 15:13:01.166000,8.233000,3.570723e+02,2.537202e+02,4.251085e+02,2.610276e+02,4.021219e+02,2.295734e+02,3.936729e+02,1.447544e+02
248,2019-06-27 15:13:01.199000,8.266000,3.583446e+02,2.473400e+02,4.240731e+02,2.575244e+02,4.023882e+02,2.193961e+02,3.931338e+02,1.472899e+02
249,2019-06-27 15:13:01.233000,8.300000,3.580749e+02,2.437390e+02,4.222489e+02,2.660782e+02,4.040846e+02,2.176433e+02,3.918526e+02,1.475403e+02
250,2019-06-27 15:13:01.266000,8.333000,3.535511e+02,2.632743e+02,4.185222e+02,2.948015e+02,4.081382e+02,2.230624e+02,3.926149e+02,1.472988e+02
251,2019-06-27 15:13:01.299000,8.366000,3.465164e+02,2.849144e+02,4.192570e+02,2.843536e+02,4.110247e+02,2.347797e+02,3.918755e+02,1.445576e+02
252,2019-06-27 15:13:01.333000,8.400000,3.461017e+02,2.624954e+02,4.214863e+02,2.812037e+02,4.114751e+02,2.450570e+02,3.908328e+02,1.436336e+02
253,2019-06-27 15:13:01.366000,8.433000,3.499754e+02,2.650509e+02,4.229086e+02,2.790664e+02,4.029585e+02,2.382019e+02,3.896663e+02,1.434316e+02
254,2019-06-27 15:13:01.399000,8.466000,3.512337e+02,2.786948e+02,4.223253e+02,2.797816e+02,4.028697e+02,2.253957e+02,3.895578e+02,1.446741e+02
255,2019-06-27 15:13:01.433000,8.500000,3.521050e+02,2.748193e+02,4.222646e+02,2.806316e+02,4.013224e+02,2.364794e+02,3.829320e+02,1.458377e+02
256,2019-06-27 15:13:01.466000,8.533000,3.496300e+02,2.556637e+02,4.254147e+02,2.889078e+02,4.031891e+02,2.359178e+02,3.823548e+02,1.477508e+02
257,2019-06-27 15:13:01.499000,8.566000,3.457780e+02,2.457369e+02,4.270117e+02,3.274299e+02,4.041868e+02,2.492917e+02,3.822209e+02,1.494973e+02
258,2019-06-27 15:13:01.533000,8.600000,3.456591e+02,2.444816e+02,4.245950e+02,3.296968e+02,4.040972e+02,2.608969e+02,3.812909e+02,1.523774e+02
259,2019-06-27 15:13:01.566000,8.633000,3.467386e+02,2.444802e+02,4.251067e+02,3.145124e+02,4.052003e+02,2.469748e+02,3.823612e+02,1.528761e+02
260,2019-06-27 15:13:01.599000,8.666000,3.439503e+02,2.427092e+02,4.226948e+02,3.139022e+02,4.048708e+02,2.546419e+02,3.843492e+02,1.536599e+02
261,2019-06-27 15:13:01.633000,8.700000,3.416889e+02,2.455386e+02,4.170625e+02,3.110945e+02,4.022924e+02,2.663137e+02,3.848951e+02,1.558621e+02
262,2019-06-27 15:13:01.666000,8.733000,3.426525e+02,2.511154e+02,4.164377e+02,3.107602e+02,3.972982e+02,2.742018e+02,3.816176e+02,1.576457e+02
263,2019-06-27 15:13:01.699000,8.766000,3.428177e+02,2.451698e+02,4.183887e+02,3.148082e+02,3.970514e+02,2.614935e+02,3.854505e+02,1.583207e+02
264,2019-06-27 15:13:01.733000,8.800000,3.440509e+02,2.391976e+02,4.211479e+02,3.029498e+02,3.980103e+02,2.475918e+02,3.885190e+02,1.584842e+02
265,2019-06-27 15:13:01.766000,8.833000,3.428833e+02,2.399480e+02,4.173857e+02,3.146248e+02,4.026529e+02,2.512543e+02,3.870172e+02,1.605297e+02
266,2019-06-27 15:13:01.799000,8.866000,3.397647e+02,2.392001e+02,4.171053e+02,3.153185e+02,4.049326e+02,2.591637e+02,3.885437e+02,1.623711e+02
267,2019-06-27 15:13:01.833000,8.900000,3.400529e+02,2.419915e+02,4.180854e+02,3.116631e+02,4.036391e+02,2.605602e+02,3.864157e+02,1.644028e+02
268,2019-06-27 15:13:01.866000,8.933000,3.406649e+02,2.450952e+02,4.184905e+02,3.094252e+02,4.006133e+02,2.774584e+02,3.857873e+02,1.656155e+02
269,2019-06-27 15:13:01.899000,8.966000,3.411252e+02,2.472665e+02,4.198341e+02,3.051746e+02,3.975436e+02,2.726211e+02,3.862334e+02,1.656577e+02
270,2019-06-27 15:13:01.933000,9.000000,3.420981e+02,2.428559e+02,4.206950e+02,3.057834e+02,3.971997e+02,2.777107e+02,3.856591e+02,1.656227e+02
271,2019-06-27 15:13:01.966000,9.033000,3.495710e+02,2.379809e+02,4.203377e+02,3.116634e+02,4.001678e+02,2.589527e+02,3.862831e+02,1.650645e+02
272,2019-06-27 15:13:01.999000,9.066000,3.550249e+02,2.372718e+02,4.222001e+02,3.025371e+02,4.011646e+02,2.424933e+02,3.895986e+02,1.646609e+02
273,2019-06-27 15:13:02.033000,9.100000,3.555829e+02,2.418024e+02,4.207487e+02,2.995260e+02,3.990618e+02,2.407265e+02,3.837197e+02,1.617924e+02
274,2019-06-27 15:13:02.066000,9.133000,3.561533e+02,2.422039e+02,4.191477e+02,3.003368e+02,3.968673e+02,2.326920e+02,3.895024e+02,1.605817e+02
275,2019-06-27 15:13:02.099000,9.166000,3.503604e+02,2.506828e+02,4.194360e+02,2.979368e+02,3.945705e+02,2.290116e+02,3.919775e+02,1.595593e+02
276,2019-06-27 15:13:02.133000,9.200000,3.504859e+02,2.465546e+02,4.214623e+02,2.979146e+02,3.967930e+02,2.195643e+02,3.973069e+02,1.598843e+02
277,2019-06-27 15:13:02.166000,9.233000,3.579163e+02,2.414492e+02,4.217756e+02,2.976109e+02,3.983394e+02,2.142135e+02,3.965587e+02,1.635346e+02
278,2019-06-27 15:13:02.199000,9.266000,3.561542e+02,2.406320e+02,4.222283e+02,2.966700e+02,3.988473e+02,2.164400e+02,3.973442e+02,1.742284e+02
279,2019-06-27 15:13:02.233000,9.300000,3.571194e+02,2.398608e+02,4.234321e+02,2.932811e+02,3.974929e+02,2.162479e+02,3.966769e+02,1.757167e+02
280,2019-06-27 15:13:02.266000,9.333000,3.558838e+02,2.384917e+02,4.220396e+02,2.869270e+02,3.991416e+02,2.057740e+02,3.914286e+02,1.802657e+02
281,2019-06-27 15:13:02.299000,9.366000,3.604408e+02,2.393676e+02,4.210243e+02,2.854187e+02,4.011906e+02,2.024814e+02,3.918278e+02,1.826026e+02
282,2019-06-27 15:13:02.333000,9.400000,3.558099e+02,2.453185e+02,4.207489e+02,2.797539e+02,4.013108e+02,2.001320e+02,3.897875e+02,1.802002e+02
283,2019-06-27 15:13:02.366000,9.433000,3.556352e+02,2.413834e+02,4.211064e+02,2.723834e+02,3.981780e+02,2.031514e+02,3.889557e+02,1.696784e+02
284,2019-06-27 15:13:02.399000,9.466000,3.567315e+02,2.395668e+02,4.185779e+02,2.689881e+02,3.975005e+02,2.023802e+02,3.956078e+02,1.631508e+02
285,2019-06-27 15:13:02.433000,9.500000,3.574790e+02,2.458173e+02,4.190588e+02,2.676427e+02,4.006174e+02,2.034829e+02,3.934451e+02,1.608078e+02
286,2019-06-27 15:13:02.466000,9.533000,3.593045e+02,2.477506e+02,4.203939e+02,2.717174e+02,3.972963e+02,2.073938e+02,3.913171e+02,1.659002e+02
287,2019-06-27 15:13:02.499000,9.566000,3.591812e+02,2.471403e+02,4.212766e+02,2.752910e+02,3.974749e+02,2.097289e+02,3.911075e+02,1.838367e+02
288,2019-06-27 15:13:02.533000,9.600000,3.576321e+02,2.480324e+02,4.276576e+02,2.763857e+02,3.990072e+02,2.091321e+02,3.909539e+02,1.839539e+02
289,2019-06-27 15:13:02.566000,9.633000,3.598752e+02,2.462529e+02,4.273197e+02,2.794071e+02,3.984253e+02,1.967489e+02,3.911254e+02,1.736208e+02
290,2019-06-27 15:13:02.599000,9.666000,3.607424e+02,2.486199e+02,4.242015e+02,2.783415e+02,4.013767e+02,1.925699e+02,3.894613e+02,1.674307e+02
291,2019-06-27 15:13:02.633000,9.700000,3.602059e+02,2.445637e+02,4.246683e+02,2.723240e+02,4.024287e+02,1.918292e+02,3.872188e+02,1.598272e+02
292,2019-06-27 15:13:02.666000,9.733000,3.584465e+02,2.599853e+02,4.275244e+02,2.672834e+02,4.058851e+02,2.022589e+02,3.875651e+02,1.544767e+02
293,2019-06-27 15:13:02.699000,9.766000,3.582979e+02,2.607704e+02,4.305282e+02,2.674073e+02,4.060208e+02,2.299175e+02,3.857110e+02,1.521808e+02
294,2019-06-27 15:13:02.733000,9.800000,3.577338e+02,2.614151e+02,4.286457e+02,2.654722e+02,4.037916e+02,2.321112e+02,3.865898e+02,1.513511e+02
295,2019-06-27 15:13:02.766000,9.833000,3.543365e+02,2.620216e+02,4.286270e+02,2.649582e+02,4.040821e+02,2.438943e+02,3.881106e+02,1.508166e+02
296,2019-06-27 15:13:02.799000,9.866000,3.538786e+02,2.677187e+02,4.251676e+02,2.660105e+02,4.015454e+02,2.487918e+02,3.866367e+02,1.517477e+02
297,2019-06-27 15:13:02.833000,9.900000,3.580165e+02,2.683700e+02,4.220776e+02,2.651481e+02,4.018016e+02,2.396383e+02,3.908103e+02,1.533459e+02
298,2019-06-27 15:13:02.866000,9.933000,3.817153e+02,2.615976e+02,4.223682e+02,2.632972e+02,4.057439e+02,2.198777e+02,3.915643e+02,1.547843e+02
299,2019-06-27 15:13:02.899000,9.966000,3.674509e+02,2.562530e+02,4.232325e+02,2.656036e+02,4.090737e+02,2.105858e+02,3.902526e+02,1.557993e+02
300,2019-06-27 15:13:02.933000,10.000000,3.659822e+02,2.743241e+02,4.240534e+02,2.697956e+02,4.083751e+02,2.067440e+02,3.895714e+02,1.586914e+02
301,2019-06-27 15:13:02.966000,10.033000,3.660391e+02,2.700190e+02,4.265893e+02,2.719101e+02,4.111259e+02,2.109646e+02,3.864842e+02,1.591980e+02
302,2019-06-27 15:13:02.999000,10.066000,3.648395e+02,2.656233e+02,4.275378e+02,2.804372e+02,4.204487e+02,2.119597e+02,3.873774e+02,1.593694e+02
303,2019-06-27 15:13:03.033000,10.100000,3.598199e+02,2.637152e+02,4.301893e+02,2.824111e+02,4.212833e+02,2.139170e+02,3.876734e+02,1.593998e+02
304,2019-06-27 15:13:03.066000,10.133000,3.617325e+02,2.497045e+02,4.327490e+02,2.769275e+02,4.171025e+02,2.228540e+02,3.877834e+02,1.588959e+02
305,2019-06-27 15:13:03.099000,10.166000,3.615393e+02,2.510863e+02,4.290826e+02,2.839877e+02,4.142124e+02,2.261629e+02,3.892755e+02,1.564211e+02
306,2019-06-27 15:13:03.133000,10.200000,3.583141e+02,2.510509e+02,4.273598e+02,2.802498e+02,4.135025e+02,2.267462e+02,3.903514e+02,1.567545e+02
307,2019-06-27 15:13:03.166000,10.233000,3.637578e+02,2.493242e+02,4.278437e+02,2.833570e+02,4.147170e+02,2.325544e+02,3.904999e+02,1.571042e+02
308,2019-06-27 15:13:03.199000,10.266000,3.607636e+02,2.513721e+02,4.324418e+02,2.845816e+02,4.151167e+02,2.286544e+02,3.905544e+02,1.541624e+02
309,2019-06-27 15:13:03.233000,10.300000,3.563113e+02,2.491094e+02,4.323187e+02,2.839548e+02,4.133227e+02,2.313863e+02,3.934443e+02,1.553918e+02
310,2019-06-27 15:13:03.266000,10.333000,3.574431e+02,2.592401e+02,4.316912e+02,2.836971e+02,4.136372e+02,2.255872e+02,3.972597e+02,1.571968e+02
311,2019-06-27 15:13:03.299000,10.366000,3.592641e+02,2.633668e+02,4.269866e+02,2.792189e+02,4.146032e+02,2.214796e+02,3.976163e+02,1.544071e+02
312,2019-06-27 15:13:03.333000,10.400000,3.582881e+02,2.662872e+02,4.317623e+02,2.736033e+02,4.138681e+02,2.354830e+02,3.958765e+02,1.546418e+02
313,2019-06-27 15:13:03.366000,10.433000,3.572692e+02,2.605096e+02,4.298425e+02,2.758110e+02,4.120435e+02,2.276887e+02,3.924987e+02,1.556571e+02
314,2019-06-27 15:13:03.399000,10.466000,3.543764e+02,2.546847e+02,4.310352e+02,2.743035e+02,4.129876e+02,2.263660e+02,3.861762e+02,1.575336e+02
315,2019-06-27 15:13:03.433000,10.500000,3.494346e+02,2.510506e+02,4.304952e+02,2.830746e+02,4.147542e+02,2.208201e+02,3.872954e+02,1.571501e+02
316,2019-06-27 15:13:03.466000,10.533000,3.466109e+02,2.712167e+02,4.265915e+02,3.126923e+02,4.101167e+02,2.236580e+02,3.859748e+02,1.569244e+02
317,2019-06-27 15:13:03.499000,10.566000,3.488577e+02,2.890964e+02,4.283626e+02,3.055574e+02,4.074179e+02,2.321499e+02,3.823712e+02,1.556599e+02
318,2019-06-27 15:13:03.533000,10.600000,3.526791e+02,2.639874e+02,4.263757e+02,3.029397e+02,4.104047e+02,2.474924e+02,3.830788e+02,1.548726e+02
319,2019-06-27 15:13:03.566000,10.633000,3.540016e+02,2.723445e+02,4.278419e+02,3.008444e+02,4.071933e+02,2.374646e+02,3.828564e+02,1.551034e+02
320,2019-06-27 15:13:03.599000,10.666000,3.527970e+02,2.854866e+02,4.298730e+02,3.023052e+02,4.026263e+02,2.300167e+02,3.843849e+02,1.579561e+02
321,2019-06-27 15:13:03.633000,10.700000,3.568031e+02,2.808112e+02,4.298098e+02,3.019580e+02,4.005549e+02,2.418087e+02,3.869105e+02,1.588906e+02
322,2019-06-27 15:13:03.666000,10.733000,3.554125e+02,2.617018e+02,4.288174e+02,3.045320e+02,4.072780e+02,2.347870e+02,3.877258e+02,1.607897e+02
323,2019-06-27 15:13:03.699000,10.766000,3.530149e+02,2.548362e+02,4.346783e+02,3.337474e+02,4.126255e+02,2.484537e+02,3.889884e+02,1.626223e+02
324,2019-06-27 15:13:03.733000,10.800000,3.458776e+02,2.534721e+02,4.312665e+02,3.365829e+02,4.132010e+02,2.607499e+02,3.894103e+02,1.651593e+02
325,2019-06-27 15:13:03.766000,10.833000,3.429354e+02,2.528906e+02,4.331190e+02,3.261299e+02,4.177854e+02,2.506772e+02,3.873566e+02,1.689118e+02
326,2019-06-27 15:13:03.799000,10.866000,3.493120e+02,2.547295e+02,4.314127e+02,3.236451e+02,4.246024e+02,2.567065e+02,3.881790e+02,1.724303e+02
327,2019-06-27 15:13:03.833000,10.900000,3.404092e+02,2.556003e+02,4.260258e+02,3.208051e+02,4.178826e+02,2.647509e+02,3.892875e+02,1.752560e+02
328,2019-06-27 15:13:03.866000,10.933000,3.385634e+02,2.606280e+02,4.244374e+02,3.203367e+02,4.109745e+02,2.773168e+02,3.856613e+02,1.755866e+02
329,2019-06-27 15:13:03.899000,10.966000,3.349126e+02,2.557182e+02,4.255551e+02,3.271350e+02,4.125094e+02,2.644034e+02,3.891099e+02,1.736500e+02
330,2019-06-27 15:13:03.933000,11.000000,3.444997e+02,2.535763e+02,4.274426e+02,3.197130e+02,4.170567e+02,2.476690e+02,3.880130e+02,1.734566e+02
331,2019-06-27 15:13:03.966000,11.033000,3.423292e+02,2.541109e+02,4.275789e+02,3.321962e+02,4.171770e+02,2.502033e+02,3.841488e+02,1.753303e+02
332,2019-06-27 15:13:03.999000,11.066000,3.380127e+02,2.544450e+02,4.254539e+02,3.330044e+02,4.134990e+02,2.596420e+02,3.813898e+02,1.771725e+02
333,2019-06-27 15:13:04.033000,11.100000,3.379711e+02,2.587188e+02,4.239373e+02,3.325139e+02,4.144986e+02,2.639985e+02,3.823380e+02,1.795415e+02
334,2019-06-27 15:13:04.066000,11.133000,3.379100e+02,2.622939e+02,4.230065e+02,3.303585e+02,4.164456e+02,2.848352e+02,3.787968e+02,1.800935e+02
335,2019-06-27 15:13:04.099000,11.166000,3.405965e+02,2.583956e+02,4.233580e+02,3.266252e+02,4.158220e+02,2.810775e+02,3.765125e+02,1.809964e+02
336,2019-06-27 15:13:04.133000,11.200000,3.463623e+02,2.573131e+02,4.231378e+02,3.234639e+02,4.133835e+02,2.834516e+02,3.817614e+02,1.819585e+02
337,2019-06-27 15:13:04.166000,11.233000,3.494875e+02,2.532962e+02,4.268754e+02,3.243905e+02,4.111871e+02,2.590240e+02,3.827048e+02,1.802677e+02
338,2019-06-27 15:13:04.199000,11.266000,3.493211e+02,2.524769e+02,4.278324e+02,3.169029e+02,4.108660e+02,2.469632e+02,3.860791e+02,1.783083e+02
339,2019-06-27 15:13:04.233000,11.300000,3.484934e+02,2.617864e+02,4.274311e+02,3.145431e+02,4.113286e+02,2.417640e+02,3.830166e+02,1.755271e+02
340,2019-06-27 15:13:04.266000,11.333000,3.483487e+02,2.588079e+02,4.354924e+02,3.156769e+02,4.114826e+02,2.342855e+02,3.837538e+02,1.742886e+02
341,2019-06-27 15:13:04.299000,11.366000,3.563280e+02,2.654295e+02,4.360966e+02,3.122126e+02,4.122871e+02,2.270019e+02,3.865296e+02,1.706212e+02
342,2019-06-27 15:13:04.333000,11.400000,3.553509e+02,2.635630e+02,4.353053e+02,3.115920e+02,4.141284e+02,2.224860e+02,3.868545e+02,1.706185e+02
343,2019-06-27 15:13:04.366000,11.433000,3.551419e+02,2.544965e+02,4.349102e+02,3.103228e+02,4.096650e+02,2.141983e+02,3.889866e+02,1.717049e+02
344,2019-06-27 15:13:04.399000,11.466000,3.562011e+02,2.533414e+02,4.281951e+02,3.067286e+02,4.069346e+02,2.125652e+02,3.815124e+02,1.731314e+02
345,2019-06-27 15:13:04.433000,11.500000,3.650891e+02,2.546104e+02,4.281802e+02,3.040173e+02,4.068732e+02,2.175267e+02,3.762191e+02,1.750001e+02
346,2019-06-27 15:13:04.466000,11.533000,3.642668e+02,2.582356e+02,4.318669e+02,2.954880e+02,4.060657e+02,2.089152e+02,3.749647e+02,1.756595e+02
347,2019-06-27 15:13:04.499000,11.566000,3.576501e+02,2.828759e+02,4.309266e+02,2.948834e+02,4.119716e+02,2.048498e+02,3.801465e+02,1.749428e+02
348,2019-06-27 15:13:04.533000,11.600000,3.559088e+02,2.570960e+02,4.311990e+02,2.900765e+02,4.146620e+02,2.029297e+02,3.834879e+02,1.732859e+02
349,2019-06-27 15:13:04.566000,11.633000,3.603751e+02,2.508915e+02,4.322065e+02,2.824578e+02,4.146272e+02,2.045345e+02,3.916525e+02,1.710715e+02
350,2019-06-27 15:13:04.599000,11.666000,3.616029e+02,2.467076e+02,4.240906e+02,2.791367e+02,4.139731e+02,2.042413e+02,3.884750e+02,1.681168e+02
351,2019-06-27 15:13:04.633000,11.700000,3.603828e+02,2.482726e+02,4.239866e+02,2.784146e+02,4.130306e+02,2.057823e+02,3.909800e+02,1.663961e+02
352,2019-06-27 15:13:04.666000,11.733000,3.601589e+02,2.528544e+02,4.247704e+02,2.812864e+02,4.099557e+02,2.099135e+02,3.857415e+02,1.692769e+02
353,2019-06-27 15:13:04.699000,11.766000,3.616357e+02,2.488842e+02,4.254873e+02,2.870606e+02,4.150522e+02,2.121583e+02,3.834214e+02,1.850276e+02
354,2019-06-27 15:13:04.733000,11.800000,3.652435e+02,2.449791e+02,4.254288e+02,2.852692e+02,4.192850e+02,2.120693e+02,3.866415e+02,1.881550e+02
355,2019-06-27 15:13:04.766000,11.833000,3.592499e+02,2.473798e+02,4.287084e+02,2.851648e+02,4.246822e+02,1.979341e+02,3.902603e+02,1.807433e+02
356,2019-06-27 15:13:04.799000,11.866000,3.604723e+02,2.507656e+02,4.298281e+02,2.833057e+02,4.217484e+02,1.956901e+02,3.864241e+02,1.773100e+02
357,2019-06-27 15:13:04.833000,11.900000,3.656327e+02,2.530093e+02,4.306477e+02,2.784114e+02,4.194246e+02,1.951229e+02,3.828155e+02,1.711846e+02
358,2019-06-27 15:13:04.866000,11.933000,3.605800e+02,2.562297e+02,4.345825e+02,2.763428e+02,4.201340e+02,2.004330e+02,3.816489e+02,1.695321e+02
359,2019-06-27 15:13:04.899000,11.966000,3.600507e+02,2.599208e+02,4.390882e+02,2.761777e+02,4.153040e+02,2.376395e+02,3.814421e+02,1.726484e+02
360,2019-06-27 15:13:04.933000,12.000000,3.576671e+02,2.632249e+02,4.395555e+02,2.738698e+02,4.116441e+02,2.387711e+02,3.806368e+02,1.720033e+02
361,2019-06-27 15:13:04.966000,12.033000,3.616936e+02,2.686277e+02,4.384750e+02,2.733741e+02,4.106848e+02,2.522380e+02,3.802609e+02,1.708357e+02
362,2019-06-27 15:13:04.999000,12.066000,3.623909e+02,2.665553e+02,4.354990e+02,2.730299e+02,4.132273e+02,2.574740e+02,3.876577e+02,1.692974e+02
363,2019-06-27 15:13:05.033000,12.100000,3.632323e+02,2.669745e+02,4.315552e+02,2.719445e+02,4.121297e+02,2.563430e+02,3.891595e+02,1.687007e+02
364,2019-06-27 15:13:05.066000,12.133000,3.605982e+02,2.677588e+02,4.365653e+02,2.692288e+02,4.163659e+02,2.280208e+02,3.889561e+02,1.679647e+02
365,2019-06-27 15:13:05.099000,12.166000,3.583281e+02,2.749030e+02,4.354369e+02,2.707415e+02,4.145939e+02,2.130468e+02,3.883372e+02,1.680968e+02
366,2019-06-27 15:13:05.133000,12.200000,3.607660e+02,2.551775e+02,4.348450e+02,2.722994e+02,4.141041e+02,2.087385e+02,3.871360e+02,1.682864e+02
367,2019-06-27 15:13:05.166000,12.233000,3.664438e+02,2.554523e+02,4.358126e+02,2.771763e+02,4.134068e+02,2.091369e+02,3.819712e+02,1.684480e+02
368,2019-06-27 15:13:05.199000,12.266000,3.694807e+02,2.524622e+02,4.340953e+02,2.829611e+02,4.196790e+02,2.106772e+02,3.805153e+02,1.688321e+02
369,2019-06-27 15:13:05.233000,12.300000,3.683017e+02,2.523779e+02,4.298044e+02,2.908104e+02,4.213587e+02,2.152064e+02,3.817941e+02,1.683878e+02
370,2019-06-27 15:13:05.266000,12.333000,3.675235e+02,2.514052e+02,4.310561e+02,2.819539e+02,4.235555e+02,2.233527e+02,3.795927e+02,1.682753e+02
371,2019-06-27 15:13:05.299000,12.366000,3.622281e+02,2.428261e+02,4.292502e+02,2.854334e+02,4.225713e+02,2.254827e+02,3.774418e+02,1.675471e+02
372,2019-06-27 15:13:05.333000,12.400000,3.636515e+02,2.408914e+02,4.289651e+02,2.845175e+02,4.199139e+02,2.286024e+02,3.773578e+02,1.680235e+02
373,2019-06-27 15:13:05.366000,12.433000,3.639298e+02,2.389198e+02,4.310312e+02,2.797383e+02,4.210617e+02,2.343140e+02,3.801799e+02,1.682874e+02
374,2019-06-27 15:13:05.399000,12.466000,3.608565e+02,2.465976e+02,4.314409e+02,2.858304e+02,4.210523e+02,2.316672e+02,3.803866e+02,1.659431e+02
375,2019-06-27 15:13:05.433000,12.500000,3.585345e+02,2.430753e+02,4.303507e+02,2.853046e+02,4.161252e+02,2.303203e+02,3.799794e+02,1.651617e+02
376,2019-06-27 15:13:05.466000,12.533000,3.633300e+02,2.444736e+02,4.286916e+02,2.835987e+02,4.168321e+02,2.265095e+02,3.798782e+02,1.671240e+02
377,2019-06-27 15:13:05.499000,12.566000,3.680574e+02,2.463167e+02,4.320026e+02,2.832058e+02,4.155024e+02,2.232970e+02,3.810585e+02,1.659432e+02
378,2019-06-27 15:13:05.533000,12.600000,3.676314e+02,2.541073e+02,4.334915e+02,2.812766e+02,4.089461e+02,2.377796e+02,3.774156e+02,1.692499e+02
379,2019-06-27 15:13:05.566000,12.633000,3.589944e+02,2.581346e+02,4.344112e+02,2.814955e+02,4.120023e+02,2.375033e+02,3.745872e+02,1.724906e+02
380,2019-06-27 15:13:05.599000,12.666000,3.627600e+02,2.590598e+02,4.335352e+02,2.815489e+02,4.051625e+02,2.309536e+02,3.727579e+02,1.740500e+02
381,2019-06-27 15:13:05.633000,12.700000,3.621961e+02,2.556604e+02,4.258752e+02,2.833633e+02,4.038197e+02,2.218995e+02,3.718690e+02,1.739895e+02
382,2019-06-27 15:13:05.666000,12.733000,3.599379e+02,2.591906e+02,4.258133e+02,3.021783e+02,4.017195e+02,2.159540e+02,3.701386e+02,1.631099e+02
383,2019-06-27 15:13:05.699000,12.766000,3.579667e+02,2.612946e+02,4.291693e+02,2.922881e+02,3.975468e+02,2.103784e+02,3.677367e+02,1.471876e+02
384,2019-06-27 15:13:05.733000,12.800000,3.596847e+02,2.497957e+02,4.244414e+02,2.878399e+02,3.954417e+02,2.283989e+02,3.608879e+02,1.441228e+02
385,2019-06-27 15:13:05.766000,12.833000,3.627164e+02,2.503747e+02,4.254380e+02,2.865386e+02,3.906952e+02,2.202752e+02,3.572430e+02,1.436041e+02
386,2019-06-27 15:13:05.799000,12.866000,3.533468e+02,2.582977e+02,4.266058e+02,2.928771e+02,3.904285e+02,2.124749e+02,3.642579e+02,1.472480e+02
387,2019-06-27 15:13:05.833000,12.900000,3.753442e+02,2.763071e+02,4.247720e+02,2.993486e+02,4.008828e+02,2.315948e+02,3.727722e+02,1.578538e+02
388,2019-06-27 15:13:05.866000,12.933000,3.838063e+02,2.753360e+02,4.479752e+02,3.094594e+02,4.083271e+02,2.278981e+02,3.773977e+02,1.705888e+02
389,2019-06-27 15:13:05.899000,12.966000,3.879406e+02,2.908440e+02,4.554005e+02,3.447284e+02,4.093779e+02,2.366024e+02,3.792682e+02,1.799783e+02
390,2019-06-27 15:13:05.933000,13.000000,3.900011e+02,2.839325e+02,4.649117e+02,3.491351e+02,4.239593e+02,2.557862e+02,3.819566e+02,1.963325e+02
391,2019-06-27 15:13:05.966000,13.033000,3.901331e+02,2.625726e+02,4.671455e+02,3.399994e+02,4.291790e+02,2.530193e+02,3.844169e+02,2.038219e+02
392,2019-06-27 15:13:05.999000,13.066000,3.856726e+02,2.660991e+02,4.572292e+02,3.370393e+02,4.318071e+02,2.539623e+02,3.901726e+02,2.030772e+02
393,2019-06-27 15:13:06.033000,13.100000,3.880044e+02,2.724387e+02,4.498939e+02,3.386543e+02,4.287370e+02,2.630961e+02,3.927674e+02,2.035311e+02
394,2019-06-27 15:13:06.066000,13.133000,3.846847e+02,2.684850e+02,4.485582e+02,3.352179e+02,4.193109e+02,2.701564e+02,3.968012e+02,2.016476e+02
395,2019-06-27 15:13:06.099000,13.166000,3.769449e+02,2.787397e+02,4.618718e+02,3.365271e+02,4.206224e+02,2.649769e+02,3.918024e+02,2.009094e+02
396,2019-06-27 15:13:06.133000,13.200000,3.331776e+02,3.089229e+02,4.487309e+02,3.354172e+02,4.010824e+02,2.524858e+02,3.881926e+02,2.038922e+02
397,2019-06-27 15:13:06.166000,13.233000,3.326944e+02,3.261006e+02,4.209678e+02,3.449016e+02,3.905842e+02,2.520763e+02,3.810335e+02,2.074965e+02
398,2019-06-27 15:13:06.199000,13.266000,3.294746e+02,3.017093e+02,3.905199e+02,3.453740e+02,3.672882e+02,2.614900e+02,3.833431e+02,2.117129e+02
399,2019-06-27 15:13:06.233000,13.300000,3.171417e+02,2.882470e+02,3.463206e+02,3.483721e+02,3.525266e+02,2.724041e+02,3.759882e+02,2.165956e+02
400,2019-06-27 15:13:06.266000,13.333000,3.261196e+02,2.789984e+02,3.125676e+02,3.544434e+02,3.550786e+02,3.103597e+02,3.537125e+02,2.201592e+02
401,2019-06-27 15:13:06.299000,13.366000,3.123127e+02,3.408072e+02,2.871469e+02,3.765746e+02,3.528995e+02,3.235359e+02,3.403172e+02,2.242425e+02
402,2019-06-27 15:13:06.333000,13.400000,2.992469e+02,3.477019e+02,2.965198e+02,4.013046e+02,3.505017e+02,3.250783e+02,3.365302e+02,2.197306e+02
403,2019-06-27 15:13:06.366000,13.433000,2.900156e+02,3.380690e+02,2.897405e+02,3.732203e+02,3.569004e+02,3.162432e+02,3.345917e+02,2.159779e+02
404,2019-06-27 15:13:06.399000,13.466000,2.942612e+02,3.235611e+02,2.860179e+02,3.479782e+02,3.600407e+02,3.197689e+02,3.318815e+02,2.183408e+02
405,2019-06-27 15:13:06.433000,13.500000,3.162970e+02,3.224568e+02,2.866625e+02,3.636225e+02,3.608420e+02,3.345507e+02,3.107542e+02,2.235238e+02
406,2019-06-27 15:13:06.466000,13.533000,3.160179e+02,3.188742e+02,2.710315e+02,3.600164e+02,3.847184e+02,3.505326e+02,3.106180e+02,2.282735e+02
407,2019-06-27 15:13:06.499000,13.566000,2.951071e+02,3.344576e+02,2.659844e+02,3.335772e+02,3.820971e+02,3.644020e+02,3.297489e+02,2.309242e+02
408,2019-06-27 15:13:06.533000,13.600000,2.488529e+02,3.374399e+02,2.685629e+02,3.767058e+02,3.288137e+02,3.420247e+02,3.107008e+02,2.546254e+02
409,2019-06-27 15:13:06.566000,13.633000,2.164738e+02,2.813290e+02,2.615702e+02,3.130112e+02,2.871784e+02,2.886291e+02,2.695237e+02,2.490781e+02
410,2019-06-27 15:13:06.599000,13.666000,2.037560e+02,2.439196e+02,2.487027e+02,2.804465e+02,2.625012e+02,2.382350e+02,2.391358e+02,2.161818e+02
411,2019-06-27 15:13:06.633000,13.700000,2.022122e+02,2.348494e+02,2.336914e+02,2.702289e+02,2.508731e+02,2.328750e+02,2.331662e+02,2.066438e+02
412,2019-06-27 15:13:06.666000,13.733000,1.917244e+02,2.229220e+02,2.210870e+02,2.540699e+02,2.459152e+02,2.135898e+02,2.276096e+02,1.932744e+02
413,2019-06-27 15:13:06.699000,13.766000,1.659664e+02,1.845368e+02,1.983269e+02,2.175285e+02,2.168044e+02,1.852580e+02,2.052284e+02,1.748266e+02
414,2019-06-27 15:13:06.733000,13.800000,1.599013e+02,1.678610e+02,1.901350e+02,1.944044e+02,1.979523e+02,1.762773e+02,1.937389e+02,1.636418e+02
415,2019-06-27 15:13:06.766000,13.833000,1.563147e+02,1.671559e+02,1.865690e+02,1.950547e+02,1.970172e+02,1.804843e+02,1.977160e+02,1.622030e+02
416,2019-06-27 15:13:06.799000,13.866000,1.554873e+02,1.691829e+02,1.837180e+02,1.978522e+02,2.018438e+02,1.864949e+02,1.940323e+02,1.650069e+02
417,2019-06-27 15:13:06.833000,13.900000,1.468802e+02,1.651147e+02,1.738830e+02,1.862374e+02,1.965891e+02,1.836391e+02,1.940412e+02,1.704721e+02
418,2019-06-27 15:13:06.866000,13.933000,1.320068e+02,1.563396e+02,1.626260e+02,1.657250e+02,1.608578e+02,1.618144e+02,1.784119e+02,1.545901e+02
419,2019-06-27 15:13:06.899000,13.966000,1.255385e+02,1.508111e+02,1.583636e+02,1.602452e+02,1.526244e+02,1.512601e+02,1.666716e+02,1.216823e+02
420,2019-06-27 15:13:06.933000,14.000000,1.226792e+02,1.457538e+02,1.555050e+02,1.569720e+02,1.494410e+02,1.457853e+02,1.623486e+02,1.102699e+02
421,2019-06-27 15:13:06.966000,14.033000,1.212079e+02,1.428997e+02,1.529181e+02,1.548782e+02,1.482847e+02,1.422689e+02,1.598836e+02,1.065905e+02
422,2019-06-27 15:13:06.999000,14.066000,1.196934e+02,1.410051e+02,1.508880e+02,1.515526e+02,1.456419e+02,1.400319e+02,1.569058e+02,1.039971e+02
423,2019-06-27 15:13:07.033000,14.100000,1.177967e+02,1.393028e+02,1.489544e+02,1.496891e+02,1.435330e+02,1.383823e+02,1.543077e+02,1.023937e+02
424,2019-06-27 15:13:07.066000,14.133000,1.168037e+02,1.378653e+02,1.475196e+02,1.472503e+02,1.420127e+02,1.362269e+02,1.520154e+02,1.003588e+02
425,2019-06-27 15:13:07.099000,14.166000,1.156970e+02,1.357208e+02,1.458536e+02,1.451605e+02,1.404206e+02,1.341579e+02,1.498908e+02,9.892298e+01
426,2019-06-27 15:13:07.133000,14.200000,1.146978e+02,1.339471e+02,1.445681e+02,1.429508e+02,1.391118e+02,1.324472e+02,1.480727e+02,9.774578e+01
427,2019-06-27 15:13:07.166000,14.233000,1.134516e+02,1.323325e+02,1.431162e+02,1.409991e+02,1.373046e+02,1.311121e+02,1.461897e+02,9.686551e+01
428,2019-06-27 15:13:07.199000,14.266000,1.128418e+02,1.314108e+02,1.421863e+02,1.396211e+02,1.366806e+02,1.295605e+02,1.451928e+02,9.599511e+01
429,2019-06-27 15:13:07.233000,14.300000,1.135322e+02,1.288759e+02,1.423129e+02,1.389403e+02,1.371402e+02,1.285392e+02,1.454239e+02,9.543880e+01
430,2019-06-27 15:13:07.266000,14.333000,1.170160e+02,1.262546e+02,1.449287e+02,1.445900e+02,1.447116e+02,1.288122e+02,1.501502e+02,9.536267e+01
431,2019-06-27 15:13:07.299000,14.366000,1.199579e+02,1.232189e+02,1.478684e+02,1.515745e+02,1.533755e+02,1.301276e+02,1.546165e+02,9.487399e+01
432,2019-06-27 15:13:07.333000,14.400000,1.223417e+02,1.211107e+02,1.503974e+02,1.512666e+02,1.572469e+02,1.318876e+02,1.598340e+02,9.401460e+01
433,2019-06-27 15:13:07.366000,14.433000,1.227592e+02,1.197280e+02,1.521252e+02,1.505108e+02,1.579496e+02,1.329619e+02,1.623598e+02,9.703780e+01
434,2019-06-27 15:13:07.400000,14.467000,1.222561e+02,1.174883e+02,1.518314e+02,1.458980e+02,1.574857e+02,1.327085e+02,1.622673e+02,9.747675e+01
435,2019-06-27 15:13:07.434000,14.501000,1.210059e+02,1.155808e+02,1.500068e+02,1.402355e+02,1.535711e+02,1.322577e+02,1.605856e+02,9.748910e+01
436,2019-06-27 15:13:07.467000,14.534000,1.208062e+02,1.125150e+02,1.486270e+02,1.380497e+02,1.508877e+02,1.309740e+02,1.597488e+02,9.715764e+01
437,2019-06-27 15:13:07.500000,14.567000,1.207610e+02,1.099477e+02,1.468910e+02,1.356078e+02,1.486229e+02,1.275930e+02,1.587205e+02,9.600817e+01
438,2019-06-27 15:13:07.534000,14.601000,1.203604e+02,1.090539e+02,1.443885e+02,1.309283e+02,1.443873e+02,1.250628e+02,1.557301e+02,9.562921e+01
439,2019-06-27 15:13:07.567000,14.634000,1.196654e+02,1.083743e+02,1.427295e+02,1.285376e+02,1.408965e+02,1.234877e+02,1.528082e+02,9.510721e+01
440,2019-06-27 15:13:07.600000,14.667000,1.195195e+02,1.074335e+02,1.416975e+02,1.263913e+02,1.386309e+02,1.222017e+02,1.503350e+02,9.467284e+01
441,2019-06-27 15:13:07.634000,14.701000,1.190845e+02,1.062128e+02,1.405263e+02,1.246944e+02,1.375629e+02,1.202081e+02,1.496537e+02,9.481802e+01
442,2019-06-27 15:13:07.667000,14.734000,1.186903e+02,1.052672e+02,1.395982e+02,1.227354e+02,1.359738e+02,1.171737e+02,1.480978e+02,9.459187e+01
